,alpha,beta,gamma,delta,epsilon,zeta,chi,eta,theta,eta',theta',v0,v1,v2,v3,v4
A,-75.35089,176.04897,76.95288,102.974236,-135.38824,-88.487816,-147.20158,173.82535,-150.3618,-172.88486,-150.35774,-7.5787444,-3.0802314,13.141998,-18.05497,16.314182
C,-75.3889,176.06192,76.8506,102.89149,-135.47281,-88.34106,-147.20255,173.56049,-150.24991,-172.88818,-150.23047,-7.555444,-3.156362,13.3183,-18.106258,16.371735
C,-75.42865,176.07422,76.86999,102.89066,-135.46492,-88.335075,-147.18378,173.53987,-150.19847,-172.87328,-150.24228,-7.544316,-3.171996,13.349,-18.10591,16.363976
C,-75.5038,176.09322,76.93533,102.92459,-135.48141,-88.41602,-147.14677,173.61212,-150.25935,-172.837,-150.32425,-7.559293,-3.1629252,13.297658,-18.088621,16.372751
C,-75.509796,176.18135,76.97864,103.08877,-135.41055,-88.56834,-147.09248,173.4933,-150.18294,-172.74689,-150.36604,-7.5588,-3.1289322,13.278118,-18.035229,16.350004
C,-75.57016,176.02776,76.68676,103.07676,-135.39584,-88.560936,-147.0867,173.64595,-150.28406,-172.67265,-150.42113,-7.5772467,-2.9800484,13.231086,-18.004972,16.31285
G,-75.49882,176.03894,76.90883,103.075325,-135.38403,-88.70216,-147.2608,173.9061,-150.50723,-172.68983,-150.53091,-7.566374,-3.0145574,13.190155,-18.060047,16.259712
U,-75.438896,175.87318,76.95997,103.04017,-135.37933,-88.630745,-147.3248,173.9444,-150.46118,-172.7442,-150.57306,-7.551608,-2.9221268,12.979418,-18.04739,16.190346
U,-75.3452,175.97234,77.01277,103.01069,-135.33722,-88.67503,-147.29585,174.04669,-150.56668,-172.79263,-150.61282,-7.5664396,-2.9166253,12.941727,-18.009163,16.17775
U,-75.34706,176.05357,76.944214,102.99466,-135.3813,-88.55928,-147.18347,173.83397,-150.4075,-172.86209,-150.3757,-7.600147,-3.0330217,13.0949135,-18.036224,16.303633
