,alpha,beta,gamma,delta,epsilon,zeta,chi,eta,theta,eta',theta',v0,v1,v2,v3,v4
C,-70.17552,172.9311,59.813465,80.5862,-155.62024,-72.01433,-159.64833,167.28369,-144.46071,-175.2036,-143.72945,3.5194929,-27.35647,38.130962,-37.821243,21.188236
C,-71.31428,174.54405,59.167953,80.408775,-156.6929,-71.57734,-159.40973,166.62659,-144.9234,-176.37866,-144.55876,4.0176573,-27.578014,38.317177,-38.12161,21.912933
G,-72.9191,174.00621,64.04397,80.12666,-156.4571,-69.92692,-164.12114,166.37552,-147.71657,-177.6779,-148.7248,6.1027393,-27.50874,38.198414,-37.912193,20.272467
G,-70.82639,172.87772,61.122765,80.81275,-154.63858,-72.30663,-161.93083,168.28313,-145.3211,-175.45024,-145.38332,3.8817968,-27.720995,38.167,-38.026474,20.202684
A,-72.692986,174.88933,59.654686,81.03645,-157.47821,-71.490456,-158.65785,166.56581,-143.85677,-177.4637,-144.121,3.0803337,-27.23015,37.870502,-37.87245,22.256306
G,-78.239944,173.75198,73.29902,81.770065,-155.35493,-73.65025,-161.4291,165.6373,-147.70976,-177.12413,-146.98923,5.902968,-25.948103,35.05459,-33.865726,16.783329
G,-71.51196,171.53804,64.50303,80.744064,-152.6625,-73.72127,-163.0481,166.77171,-146.40387,-175.72,-150.1972,4.367797,-26.558199,36.95115,-36.754356,19.661728
A,-77.54669,173.44522,61.94954,83.80171,-156.59134,-73.969505,-159.55605,164.36987,-147.27914,178.57191,-147.70177,3.8453383,-25.088322,35.107864,-34.428303,20.059776
A,-71.30513,172.63123,61.859386,82.13517,-153.04147,-70.64177,-160.4613,166.57877,-142.4383,-174.83911,-140.9566,4.1433945,-27.741566,37.067566,-36.94484,20.13095
C,-71.66038,170.9508,61.989544,80.35971,-154.73312,-71.99604,-159.12363,167.12791,-143.05096,-174.38242,-142.78383,2.7152467,-27.210604,37.652218,-37.484966,21.035227
U,-70.44587,173.34213,60.13801,81.567085,-156.52727,-72.9093,-159.60536,166.68123,-145.74077,-178.09401,-146.9553,3.8117986,-26.748457,37.51802,-37.569466,21.923624
A,-72.755,174.23436,62.22853,81.19995,-154.51001,-70.75789,-162.02843,167.06453,-145.48445,-176.97919,-144.62177,4.36195,-27.622028,37.482384,-37.04866,20.366684
C,-71.72584,172.7881,61.616337,81.05751,-155.36093,-71.769295,-159.6039,166.97981,-143.23329,-174.9913,-142.39523,3.0012493,-27.252367,37.548717,-37.633526,20.875101
